Workbook

Sheet Tổng quan
A1: 📋 BẢNG PHÂN CÔNG CÔNG VIỆC 6 TUẦN — DỰ ÁN AITASKER
A2: Quy trình Git: tạo feature branch từ develop → commit thường xuyên → Pull Request → review (≥1 người) → merge vào develop
A4: Ngày bắt đầu dự án (Thứ 2 – Tuần 1): | D4: 46216 | E4: ← Chỉnh sửa ô này để tự động cập nhật mọi mốc ngày trong file
A6: STT | B6: Developer | C6: Họ và tên | D6: Vai trò / Phân hệ phụ trách | E6: Nhánh Git (Feature Branch) | F6: Module Backend chính | G6: Trang Frontend chính
A7: 1 | B7: Dev 1 | C7: Khang Nguyễn Thiên | D7: Xác thực, Phân quyền, Quản lý Thành viên & Landing Page | E7: feature/dev1-auth-profile | F7: security/*, AuthController, UserController | G7: Login.jsx, Register.jsx, Landing.jsx
A8: 2 | B8: Dev 2 | C8: Vũ Mai Vũ Đại | D8: Đăng việc & Đề xuất báo giá (Jobs & Proposals) | E8: feature/dev2-jobs-proposals | F8: JobPostController, ProposalController | G8: PostJob.jsx, BrowseJobs.jsx, JobDetail.jsx
A9: 3 | B9: Dev 3 | C9: Trịnh Ngân Giang | D9: Quản lý Dự án & Cột mốc (Projects & Milestones) | E9: feature/dev3-projects-milestones | F9: ProjectController, MilestoneController | G9: ProjectDetail.jsx, ClientDashboard.jsx, ExpertDashboard.jsx
A10: 4 | B10: Dev 4 | C10: Nguyễn Trí Quý | D10: Giao dịch, Ký quỹ & Rút tiền (Payments & Escrow) | E10: feature/dev4-payments-escrow | F10: PaymentController, WithdrawalController | G10: TransactionHistory.jsx
A11: 5 | B11: Dev 5 | C11: huỳnh nhật khanh | D11: Tích hợp AI & Gợi ý thông minh (AI Co-pilot) | E11: feature/dev5-ai-copilot | F11: AiController, AiService (Gemini API) | G11: Nút AI trong PostJob.jsx, ExpertServices.jsx
A12: 6 | B12: Dev 6 | C12: bùi quang nhân | D12: Gói Dịch vụ & Đánh giá (Services Marketplace & Reviews) | E12: feature/dev6-services-reviews | F12: ServiceListingController, ReviewController | G12: Marketplace.jsx, ExpertServices.jsx, ExpertProfile.jsx, ReviewPage.jsx
A13: 7 | B13: Dev 7 | C13: Nguyễn Duy Tân | D13: Chat Realtime, Thông báo & Quản trị (Chat/Admin) | E13: feature/dev7-chat-admin | F13: ChatController/WebSocketConfig, AdminController | G13: ChatList.jsx, Notifications.jsx, AdminDashboard.jsx
A15: Chú thích màu Trạng thái (dùng ở các sheet 'Kế hoạch 6 tuần' và 'Tích hợp & Kiểm thử')
B16: Chưa bắt đầu | D16: Đang thực hiện | F16: Hoàn thành | H16: Trễ hạn
A18: Ghi chú: Tuần 1 bắt đầu từ Thứ 2 (ngày ở ô D4). Có 7 developer × 6 tuần = 42 nhiệm vụ chính, chi tiết tại sheet 'Kế hoạch 6 tuần'.

Sheet Kế hoạch 6 tuần
A1: 📅 KẾ HOẠCH PHÂN CÔNG CHI TIẾT — 6 TUẦN
A2: Cập nhật cột 'Trạng thái' (danh sách thả xuống) và 'Ghi chú' hằng tuần để theo dõi tiến độ — sheet 'Dashboard' sẽ tự tính lại.
A4: STT | B4: Tuần | C4: Giai đoạn | D4: Developer | E4: Họ và tên | F4: Nhiệm vụ Backend | G4: Nhiệm vụ Frontend | H4: Tích hợp / Phối hợp | I4: Ngày bắt đầu | J4: Ngày kết thúc | K4: Trạng thái | L4: Ghi chú
A5: 1 | B5: 1 | C5: Đồng bộ hạ tầng & Thiết kế Entity | D5: Dev 1 | E5: Khang Nguyễn Thiên | F5: Cấu hình Spring Security, JWT Filter, PasswordEncoder. Tạo Entity User.java, UserRole enum. | G5: — | H5: Đẩy code lên develop sớm nhất để cả nhóm có bộ khung bảo mật + tài khoản mẫu (DataSeeder) để test. | I5: ='Tổng quan'!$D$4+(B5-1)*7 -> 46216 | J5: =I5+6 -> 46222 | K5: Hoàn thành
A6: 2 | B6: 1 | C6: Đồng bộ hạ tầng & Thiết kế Entity | D6: Dev 2 | E6: Vũ Mai Vũ Đại | F6: Thiết kế Entity JobPost, Proposal, JobStatus & ProposalStatus enum. | G6: — | H6: Đọc tài liệu API Auth của Dev 1, kéo code mới nhất từ develop. | I6: ='Tổng quan'!$D$4+(B6-1)*7 -> 46216 | J6: =I6+6 -> 46222 | K6: Hoàn thành
A7: 3 | B7: 1 | C7: Đồng bộ hạ tầng & Thiết kế Entity | D7: Dev 3 | E7: Trịnh Ngân Giang | F7: Thiết kế Entity Project, Milestone, ProjectStatus & MilestoneStatus enum. | G7: — | H7: Kéo code mới nhất từ develop. | I7: ='Tổng quan'!$D$4+(B7-1)*7 -> 46216 | J7: =I7+6 -> 46222 | K7: Hoàn thành
A8: 4 | B8: 1 | C8: Đồng bộ hạ tầng & Thiết kế Entity | D8: Dev 4 | E8: Nguyễn Trí Quý | F8: Thiết kế Entity Payment, Withdrawal, PaymentStatus/EscrowStatus/WithdrawalStatus enum. | G8: — | H8: Kéo code mới nhất từ develop. | I8: ='Tổng quan'!$D$4+(B8-1)*7 -> 46216 | J8: =I8+6 -> 46222 | K8: Hoàn thành
A9: 5 | B9: 1 | C9: Đồng bộ hạ tầng & Thiết kế Entity | D9: Dev 5 | E9: huynhnhatkhanhdtkt | F9: Nghiên cứu Gemini API, đăng ký API Key, thiết kế AiModule entity (log sử dụng AI). | G9: — | H9: Kéo code mới nhất từ develop. | I9: ='Tổng quan'!$D$4+(B9-1)*7 -> 46216 | J9: =I9+6 -> 46222 | K9: Chưa bắt đầu
A10: 6 | B10: 1 | C10: Đồng bộ hạ tầng & Thiết kế Entity | D10: Dev 6 | E10: nhanbq | F10: Thiết kế Entity ServiceListing, Review. | G10: — | H10: Kéo code mới nhất từ develop. | I10: ='Tổng quan'!$D$4+(B10-1)*7 -> 46216 | J10: =I10+6 -> 46222 | K10: Hoàn thành
A11: 7 | B11: 1 | C11: Đồng bộ hạ tầng & Thiết kế Entity | D11: Dev 7 | E11: Nguyễn Duy Tân | F11: Thiết kế Entity Message, Dispute; lên kế hoạch cấu hình WebSocket. | G11: — | H11: Kéo code mới nhất từ develop. | I11: ='Tổng quan'!$D$4+(B11-1)*7 -> 46216 | J11: =I11+6 -> 46222 | K11: Hoàn thành
A12: 8 | B12: 2 | C12: Phát triển Backend - Giai đoạn 1 | D12: Dev 1 | E12: Khang Nguyễn Thiên | F12: Hoàn thiện AuthController & AuthService (đăng ký, đăng nhập, sinh JWT). | G12: — | H12: Test API trên Swagger, cung cấp JWT mẫu cho cả nhóm. | I12: ='Tổng quan'!$D$4+(B12-1)*7 -> 46223 | J12: =I12+6 -> 46229 | K12: Hoàn thành
A13: 9 | B13: 2 | C13: Phát triển Backend - Giai đoạn 1 | D13: Dev 2 | E13: Vũ Mai Vũ Đại | F13: JobPostController & JobPostService (CRUD, lọc và tìm kiếm bài tuyển dụng). | G13: — | H13: Test API trên Swagger. | I13: ='Tổng quan'!$D$4+(B13-1)*7 -> 46223 | J13: =I13+6 -> 46229 | K13: Hoàn thành
A14: 10 | B14: 2 | C14: Phát triển Backend - Giai đoạn 1 | D14: Dev 3 | E14: Trịnh Ngân Giang | F14: ProjectController & ProjectService (quản lý trạng thái: đang chạy, hoàn thành, tạm dừng). | G14: — | H14: Test API trên Swagger. | I14: ='Tổng quan'!$D$4+(B14-1)*7 -> 46223 | J14: =I14+6 -> 46229 | K14: Hoàn thành
A15: 11 | B15: 2 | C15: Phát triển Backend - Giai đoạn 1 | D15: Dev 4 | E15: Nguyễn Trí Quý | F15: PaymentController & PaymentService (tạo thanh toán ký quỹ, giữ tiền, giải ngân, hoàn tiền). | G15: — | H15: Test API trên Swagger. | I15: ='Tổng quan'!$D$4+(B15-1)*7 -> 46223 | J15: =I15+6 -> 46229 | K15: Hoàn thành
A16: 12 | B16: 2 | C16: Phát triển Backend - Giai đoạn 1 | D16: Dev 5 | E16: huynhnhatkhanhdtkt | F16: AiController & AiService kết nối Gemini API qua RestTemplate/WebClient. | G16: — | H16: Test API trên Swagger. | I16: ='Tổng quan'!$D$4+(B16-1)*7 -> 46223 | J16: =I16+6 -> 46229 | K16: Chưa bắt đầu
... A46: 42 | B46: 6 | C46: Kiểm thử toàn diện, sửa lỗi & Hoàn thiện | D46: Dev 7 | E46: Nguyễn Duy Tân | F46: Rà soát & sửa lỗi Chat/Admin/Notification. | G46: Hoàn thiện AdminDashboard.jsx. | H46: Gửi PR vào develop. Kiểm thử bước 5 & 9: Chat realtime; Admin duyệt rút tiền. | I46: ='Tổng quan'!$D$4+(B46-1)*7 -> 46251 | J46: =I46+6 -> 46257 | K46: Hoàn thành

Sheet Gantt tổng quan
A1: 📊 GANTT TỔNG QUAN — 7 DEVELOPER × 6 TUẦN
A2: Mỗi ô tóm tắt trọng tâm công việc của 1 Developer trong 1 tuần. Ngày cụ thể tự tính từ ngày bắt đầu ở sheet 'Tổng quan'.
A4: Developer | B4: Tuần 1 | C4: Tuần 2 | D4: Tuần 3 | E4: Tuần 4 | F4: Tuần 5 | G4: Tuần 6
B5: =TEXT('Tổng quan'!$D$4+(1-1)*7,"dd/mm")&" - "&TEXT('Tổng quan'!$D$4+(1-1)*7+6,"dd/mm/yy") -> 13/07 - 19/07/26 | C5: =TEXT('Tổng quan'!$D$4+(2-1)*7,"dd/mm")&" - "&TEXT('Tổng quan'!$D$4+(2-1)*7+6,"dd/mm/yy") -> 20/07 - 26/07/26 | D5: =TEXT('Tổng quan'!$D$4+(3-1)*7,"dd/mm")&" - "&TEXT('Tổng quan'!$D$4+(3-1)*7+6,"dd/mm/yy") -> 27/07 - 02/08/26 | E5: =TEXT('Tổng quan'!$D$4+(4-1)*7,"dd/mm")&" - "&TEXT('Tổng quan'!$D$4+(4-1)*7+6,"dd/mm/yy") -> 03/08 - 09/08/26 | F5: =TEXT('Tổng quan'!$D$4+(5-1)*7,"dd/mm")&" - "&TEXT('Tổng quan'!$D$4+(5-1)*7+6,"dd/mm/yy") -> 10/08 - 16/08/26 | G5: =TEXT('Tổng quan'!$D$4+(6-1)*7,"dd/mm")&" - "&TEXT('Tổng quan'!$D$4+(6-1)*7+6,"dd/mm/yy") -> 17/08 - 23/08/26
A6: Dev 1 – Khang Nguyễn Thiên | B6: Security + Entity | C6: AuthController/Service | D6: UserController+AuthContext | E6: Login/Register.jsx | F6: Landing.jsx + Hỗ trợ nhóm | G6: Kiểm thử & PR
A7: Dev 2 – Vũ Mai Vũ Đại | B7: Entity Job/Proposal | C7: JobPostController | D7: ProposalController+PostJob | E7: PostJob/BrowseJobs.jsx | F7: JobDetail.jsx + Tích hợp AI | G7: Kiểm thử & PR
A8: Dev 3 – Trịnh Ngân Giang | B8: Entity Project/MS | C8: ProjectController | D8: MilestoneController+UI | E8: ProjectDetail.jsx | F8: 2 Dashboard + Tích hợp | G8: Kiểm thử & PR
A9: Dev 4 – Nguyễn Trí Quý | B9: Entity Payment | C9: PaymentController | D9: WithdrawalController+UI | E9: TransactionHistory.jsx | F9: UI nạp/rút tiền + Tích hợp | G9: Kiểm thử & PR
A10: Dev 5 – huynhnhatkhanhdtkt | B10: Nghiên cứu Gemini API | C10: AiController/Service | D10: AI Job Assistant API | E10: AI Service Gen + Recommend | F10: Tích hợp UI AI | G10: Kiểm thử & PR
A11: Dev 6 – nhanbq | B11: Entity Service/Review | C11: ServiceListingController | D11: ReviewController+UI | E11: Marketplace/Services.jsx | F11: Profile/ReviewPage.jsx | G11: Kiểm thử & PR
A12: Dev 7 – Nguyễn Duy Tân | B12: Entity Msg/Dispute | C12: Chat + WebSocketConfig | D12: AdminController+ChatList | E12: Chat/Notifications.jsx | F12: AdminDashboard.jsx | G12: Kiểm thử & PR
A14: Chú thích màu theo giai đoạn
B15: Tuần 1 — Thiết kế Entity & Chuẩn bị
B16: Tuần 2-3 — Phát triển Backend (API)
B17: Tuần 4 — Phát triển Frontend (UI)
B18: Tuần 5 — Tích hợp liên module
B19: Tuần 6 — Kiểm thử & Hoàn thiện

Sheet Tích hợp & Kiểm thử
A1: 🔗 ĐIỂM TÍCH HỢP GIỮA CÁC DEVELOPER & KỊCH BẢN KIỂM THỬ
A2: Tổng hợp từ mục 'Điểm tích hợp với Dev khác' của từng người và kịch bản kiểm thử toàn luồng nghiệp vụ (Tuần 6).
A4: A. CÁC ĐIỂM TÍCH HỢP GIỮA CÁC DEVELOPER
A5: STT | B5: Dev phụ trách | C5: Phối hợp với | D5: Nội dung tích hợp | E5: Tuần dự kiến | F5: Trạng thái
A6: 1 | B6: Dev 1 | C6: Tất cả | D6: Cung cấp API đăng nhập & JWT token mẫu để cả nhóm test API trên Swagger/Postman. | E6: 2 | F6: Hoàn thành
A7: 2 | B7: Dev 1 | C7: Tất cả | D7: Cung cấp hook useAuth (user.role, user.email) cho Frontend của các Dev khác. | E7: 4 | F7: Hoàn thành
A8: 3 | B8: Dev 2 | C8: Dev 5 | D8: Tích hợp nút 'Tối ưu hóa bằng AI' vào giao diện PostJob.jsx. | E8: 5 | F8: Hoàn thành
A9: 4 | B9: Dev 2 | C9: Dev 3 | D9: Duyệt Proposal (ACCEPTED) → tự động khởi tạo Project mới. | E9: 5 | F9: Hoàn thành
A10: 5 | B10: Dev 3 | C10: Dev 4 | D10: Duyệt Milestone (APPROVED) → tự động giải ngân tiền ký quỹ cho Expert. | E10: 5 | F10: Hoàn thành
A11: 6 | B11: Dev 3 | C11: Dev 7 | D11: Milestone/Project bị từ chối → chuyển trạng thái Tranh chấp (Dispute) cho Admin. | E11: 5 | F11: Hoàn thành
A12: 7 | B12: Dev 4 | C12: Dev 7 | D12: Cung cấp API duyệt yêu cầu rút tiền cho trang quản trị Admin. | E12: 5 | F12: Hoàn thành
A13: 8 | B13: Dev 5 | C13: Dev 2 & Dev 6 | D13: Tích hợp nút AI vào form PostJob.jsx và ExpertServices.jsx không xung đột giao diện. | E13: 5 | F13: Hoàn thành
A14: 9 | B14: Dev 6 | C14: Dev 3 | D14: Nút 'Viết đánh giá' hiển thị ở trang chi tiết dự án khi Project chuyển COMPLETED. | E14: 5 | F14: Hoàn thành
A15: 10 | B15: Dev 7 | C15: Tất cả | D15: Cấu hình WebSocket + API bắn thông báo tự động (VD: Dev 2 duyệt Proposal → báo Expert). | E15: 6 | F15: Hoàn thành
A16: 11 | B16: Dev 7 | C16: Dev 3 | D16: Nút 'Tranh chấp' đổ dữ liệu về trang phân xử tranh chấp của Admin. | E16: 6 | F16: Hoàn thành
A18: B. KỊCH BẢN KIỂM THỬ TÍCH HỢP CUỐI CÙNG (TUẦN 6)
A19: Bước | B19: Developer phụ trách | D19: Nội dung kiểm thử | F19: Trạng thái
A20: 1 | B20: Dev 1 | D20: Đăng ký / Đăng nhập (Client & Expert) → Xem thông tin cá nhân. | F20: Hoàn thành
A21: 2 | B21: Dev 2 | D21: Client đăng việc → Expert gửi báo giá. | F21: Hoàn thành
A22: 3 | B22: Dev 3 | D22: Client chấp nhận báo giá → Tạo dự án. | F22: Hoàn thành
A23: 4 | B23: Dev 4 | D23: Client ký quỹ (Escrow) tiền dự án. | F23: Hoàn thành
A24: 5 | B24: Dev 7 | D24: Client và Expert chat realtime bàn bạc công việc. | F24: Hoàn thành
A25: 6 | B25: Dev 5 | D25: Dùng AI hỗ trợ viết báo cáo / sinh nội dung mô tả. | F25: Hoàn thành
A26: 7 | B26: Dev 3 | D26: Expert nộp sản phẩm → Client duyệt nghiệm thu. | F26: Hoàn thành
A27: 8 | B27: Dev 4 & Dev 6 | D27: Tiền tự động giải ngân cho Expert → Viết đánh giá chất lượng. | F27: Hoàn thành
A28: 9 | B28: Dev 4 & Dev 7 | D28: Expert tạo lệnh rút tiền → Admin duyệt chuyển khoản thành công. | F28: Hoàn thành

Sheet Dashboard
A1: 📈 DASHBOARD THEO DÕI TIẾN ĐỘ
A2: Toàn bộ số liệu bên dưới tự động tính từ cột 'Trạng thái' ở sheet 'Kế hoạch 6 tuần' — không cần nhập tay.
A4: Developer | B4: Họ và tên | C4: Tổng số nhiệm vụ | D4: Chưa bắt đầu | E4: Đang thực hiện | F4: Hoàn thành | G4: Trễ hạn | H4: % Hoàn thành
A5: Dev 1 | B5: Khang Nguyễn Thiên | C5: =COUNTIF('Kế hoạch 6 tuần'!$D$5:$D$46,$A5) -> 6 | D5: =COUNTIFS('Kế hoạch 6 tuần'!$D$5:$D$46,$A5,'Kế hoạch 6 tuần'!$K$5:$K$46,"Chưa bắt đầu") -> 0 | E5: =COUNTIFS('Kế hoạch 6 tuần'!$D$5:$D$46,$A5,'Kế hoạch 6 tuần'!$K$5:$K$46,"Đang thực hiện") -> 0 | F5: =COUNTIFS('Kế hoạch 6 tuần'!$D$5:$D$46,$A5,'Kế hoạch 6 tuần'!$K$5:$K$46,"Hoàn thành") -> 6 | G5: =COUNTIFS('Kế hoạch 6 tuần'!$D$5:$D$46,$A5,'Kế hoạch 6 tuần'!$K$5:$K$46,"Trễ hạn") -> 0 | H5: =IFERROR(F5/C5,0) -> 1
A6: Dev 2 | B6: Vũ Mai Vũ Đại | C6: =COUNTIF('Kế hoạch 6 tuần'!$D$5:$D$46,$A6) -> 6 | D6: =COUNTIFS('Kế hoạch 6 tuần'!$D$5:$D$46,$A6,'Kế hoạch 6 tuần'!$K$5:$K$46,"Chưa bắt đầu") -> 0 | E6: =COUNTIFS('Kế hoạch 6 tuần'!$D$5:$D$46,$A6,'Kế hoạch 6 tuần'!$K$5:$K$46,"Đang thực hiện") -> 0 | F6: =COUNTIFS('Kế hoạch 6 tuần'!$D$5:$D$46,$A6,'Kế hoạch 6 tuần'!$K$5:$K$46,"Hoàn thành") -> 6 | G6: =COUNTIFS('Kế hoạch 6 tuần'!$D$5:$D$46,$A6,'Kế hoạch 6 tuần'!$K$5:$K$46,"Trễ hạn") -> 0 | H6: =IFERROR(F6/C6,0) -> 1
A7: Dev 3 | B7: Trịnh Ngân Giang | C7: =COUNTIF('Kế hoạch 6 tuần'!$D$5:$D$46,$A7) -> 6 | D7: =COUNTIFS('Kế hoạch 6 tuần'!$D$5:$D$46,$A7,'Kế hoạch 6 tuần'!$K$5:$K$46,"Chưa bắt đầu") -> 0 | E7: =COUNTIFS('Kế hoạch 6 tuần'!$D$5:$D$46,$A7,'Kế hoạch 6 tuần'!$K$5:$K$46,"Đang thực hiện") -> 0 | F7: =COUNTIFS('Kế hoạch 6 tuần'!$D$5:$D$46,$A7,'Kế hoạch 6 tuần'!$K$5:$K$46,"Hoàn thành") -> 6 | G7: =COUNTIFS('Kế hoạch 6 tuần'!$D$5:$D$46,$A7,'Kế hoạch 6 tuần'!$K$5:$K$46,"Trễ hạn") -> 0 | H7: =IFERROR(F7/C7,0) -> 1
A8: Dev 4 | B8: Nguyễn Trí Quý | C8: =COUNTIF('Kế hoạch 6 tuần'!$D$5:$D$46,$A8) -> 6 | D8: =COUNTIFS('Kế hoạch 6 tuần'!$D$5:$D$46,$A8,'Kế hoạch 6 tuần'!$K$5:$K$46,"Chưa bắt đầu") -> 0 | E8: =COUNTIFS('Kế hoạch 6 tuần'!$D$5:$D$46,$A8,'Kế hoạch 6 tuần'!$K$5:$K$46,"Đang thực hiện") -> 0 | F8: =COUNTIFS('Kế hoạch 6 tuần'!$D$5:$D$46,$A8,'Kế hoạch 6 tuần'!$K$5:$K$46,"Hoàn thành") -> 6 | G8: =COUNTIFS('Kế hoạch 6 tuần'!$D$5:$D$46,$A8,'Kế hoạch 6 tuần'!$K$5:$K$46,"Trễ hạn") -> 0 | H8: =IFERROR(F8/C8,0) -> 1
A9: Dev 5 | B9: huynhnhatkhanhdtkt | C9: =COUNTIF('Kế hoạch 6 tuần'!$D$5:$D$46,$A9) -> 6 | D9: =COUNTIFS('Kế hoạch 6 tuần'!$D$5:$D$46,$A9,'Kế hoạch 6 tuần'!$K$5:$K$46,"Chưa bắt đầu") -> 5 | E9: =COUNTIFS('Kế hoạch 6 tuần'!$D$5:$D$46,$A9,'Kế hoạch 6 tuần'!$K$5:$K$46,"Đang thực hiện") -> 0 | F9: =COUNTIFS('Kế hoạch 6 tuần'!$D$5:$D$46,$A9,'Kế hoạch 6 tuần'!$K$5:$K$46,"Hoàn thành") -> 1 | G9: =COUNTIFS('Kế hoạch 6 tuần'!$D$5:$D$46,$A9,'Kế hoạch 6 tuần'!$K$5:$K$46,"Trễ hạn") -> 0 | H9: =IFERROR(F9/C9,0) -> 0.16666667
A10: Dev 6 | B10: nhanbq | C10: =COUNTIF('Kế hoạch 6 tuần'!$D$5:$D$46,$A10) -> 6 | D10: =COUNTIFS('Kế hoạch 6 tuần'!$D$5:$D$46,$A10,'Kế hoạch 6 tuần'!$K$5:$K$46,"Chưa bắt đầu") -> 0 | E10: =COUNTIFS('Kế hoạch 6 tuần'!$D$5:$D$46,$A10,'Kế hoạch 6 tuần'!$K$5:$K$46,"Đang thực hiện") -> 0 | F10: =COUNTIFS('Kế hoạch 6 tuần'!$D$5:$D$46,$A10,'Kế hoạch 6 tuần'!$K$5:$K$46,"Hoàn thành") -> 6 | G10: =COUNTIFS('Kế hoạch 6 tuần'!$D$5:$D$46,$A10,'Kế hoạch 6 tuần'!$K$5:$K$46,"Trễ hạn") -> 0 | H10: =IFERROR(F10/C10,0) -> 1
A11: Dev 7 | B11: Nguyễn Duy Tân | C11: =COUNTIF('Kế hoạch 6 tuần'!$D$5:$D$46,$A11) -> 6 | D11: =COUNTIFS('Kế hoạch 6 tuần'!$D$5:$D$46,$A11,'Kế hoạch 6 tuần'!$K$5:$K$46,"Chưa bắt đầu") -> 0 | E11: =COUNTIFS('Kế hoạch 6 tuần'!$D$5:$D$46,$A11,'Kế hoạch 6 tuần'!$K$5:$K$46,"Đang thực hiện") -> 0 | F11: =COUNTIFS('Kế hoạch 6 tuần'!$D$5:$D$46,$A11,'Kế hoạch 6 tuần'!$K$5:$K$46,"Hoàn thành") -> 6 | G11: =COUNTIFS('Kế hoạch 6 tuần'!$D$5:$D$46,$A11,'Kế hoạch 6 tuần'!$K$5:$K$46,"Trễ hạn") -> 0 | H11: =IFERROR(F11/C11,0) -> 1
A12: TỔNG CỘNG | C12: =SUM(C5:C11) -> 42 | D12: =SUM(D5:D11) -> 5 | E12: =SUM(E5:E11) -> 0 | F12: =SUM(F5:F11) -> 37 | G12: =SUM(G5:G11) -> 0 | H12: =IFERROR(F12/C12,0) -> 0.88095238
A14: Tuần | B14: Giai đoạn | C14: Tổng nhiệm vụ | D14: Hoàn thành | E14: % Hoàn thành
A15: 1 | B15: Đồng bộ hạ tầng & Thiết kế Entity | C15: =COUNTIF('Kế hoạch 6 tuần'!$B$5:$B$46,$A15) -> 7 | D15: =COUNTIFS('Kế hoạch 6 tuần'!$B$5:$B$46,$A15,'Kế hoạch 6 tuần'!$K$5:$K$46,"Hoàn thành") -> 6 | E15: =IFERROR(D15/C15,0) -> 0.85714286
A16: 2 | B16: Phát triển Backend - Giai đoạn 1 | C16: =COUNTIF('Kế hoạch 6 tuần'!$B$5:$B$46,$A16) -> 7 | D16: =COUNTIFS('Kế hoạch 6 tuần'!$B$5:$B$46,$A16,'Kế hoạch 6 tuần'!$K$5:$K$46,"Hoàn thành") -> 6 | E16: =IFERROR(D16/C16,0) -> 0.85714286
A17: 3 | B17: Phát triển Backend - Giai đoạn 2 & Khởi động Frontend | C17: =COUNTIF('Kế hoạch 6 tuần'!$B$5:$B$46,$A17) -> 7 | D17: =COUNTIFS('Kế hoạch 6 tuần'!$B$5:$B$46,$A17,'Kế hoạch 6 tuần'!$K$5:$K$46,"Hoàn thành") -> 6 | E17: =IFERROR(D17/C17,0) -> 0.85714286
A18: 4 | B18: Phát triển Frontend | C18: =COUNTIF('Kế hoạch 6 tuần'!$B$5:$B$46,$A18) -> 7 | D18: =COUNTIFS('Kế hoạch 6 tuần'!$B$5:$B$46,$A18,'Kế hoạch 6 tuần'!$K$5:$K$46,"Hoàn thành") -> 6 | E18: =IFERROR(D18/C18,0) -> 0.85714286
A19: 5 | B19: Tích hợp liên module (Cross-team Integration) | C19: =COUNTIF('Kế hoạch 6 tuần'!$B$5:$B$46,$A19) -> 7 | D19: =COUNTIFS('Kế hoạch 6 tuần'!$B$5:$B$46,$A19,'Kế hoạch 6 tuần'!$K$5:$K$46,"Hoàn thành") -> 6 | E19: =IFERROR(D19/C19,0) -> 0.85714286
A20: 6 | B20: Kiểm thử toàn diện, sửa lỗi & Hoàn thiện | C20: =COUNTIF('Kế hoạch 6 tuần'!$B$5:$B$46,$A20) -> 7 | D20: =COUNTIFS('Kế hoạch 6 tuần'!$B$5:$B$46,$A20,'Kế hoạch 6 tuần'!$K$5:$K$46,"Hoàn thành") -> 7 | E20: =IFERROR(D20/C20,0) -> 1
A22: Trạng thái | B22: Số lượng
A23: Chưa bắt đầu | B23: =D12 -> 5
A24: Đang thực hiện | B24: =E12 -> 0
A25: Hoàn thành | B25: =F12 -> 37
A26: Trễ hạn | B26: =G12 -> 0
